model A,model B,sw_value,in favor
1,2,-4.433058620486324,2
2,3,0.9077072455910156,-
1,4,-1.373997788515454,-
3,4,1.6803269816141644,-
1,3,-1.8272711964615171,-
2,4,5.800968758844623,2
