model A,model B,sw_value,in favor
1,2,-4.43329802281494,2
2,3,0.9076405316931758,-
1,4,-1.3739222177816754,-
3,4,1.6803847360652011,-
1,3,-1.827232116932069,-
2,4,5.801730883058271,2
