model A,model B,sw_value,in favor
1,2,-4.433509586342109,2
2,3,0.9077656228420559,-
1,4,-1.3739987933245064,-
3,4,1.6803401203973836,-
1,3,-1.8272582555009909,-
2,4,5.800861630092055,2
