model A,model B,sw_value,in favor
1,2,1.0663225199105972,-
2,3,-0.3464985348876905,-
1,4,0.399116799413079,-
3,4,0.41121142325911464,-
1,3,0.7589419171339317,-
2,4,0.40195476807667513,-
