model A,model B,sw_value,in favor
1,2,0.5107307711496114,-
2,3,13.999219573011622,2
1,4,1.0998227410675692,-
3,4,-13.96550488825502,4
1,3,14.145367277745228,1
2,4,-0.4986087774847785,-
