model A,model B,sw_value,in favor
1,2,-4.433428692579394,2
1,3,-1.8272312788193648,-
2,3,0.9074911887871188,-
