model A,model B,sw_value,in favor
1,2,-3.8905300153968243,2
1,3,1.3478309166250726,-
2,3,4.414540778983577,2
