theta,value,model,estimated,to_include
sigma1,0.0842636549516502,1,1,1
xi1,1.8318795233718679,1,1,1
psi1,0.3593935080838681,1,1,1
psi2,4.405216837800664,1,1,1
sigma1,0.08198305757174393,2,1,1
xi1,1.734783427312368,2,1,1
psi1,-0.13321654218085957,2,1,1
psi2,4.961160687260143,2,1,1
