experiment,theta,value,model,estimated,to_include
0,sigma1,0.08426365913359471,1,1,1
0,xi1,1.831775535596054,1,1,1
0,psi1,0.35946967406145336,1,1,1
0,psi2,4.404995229469929,1,1,1
0,sigma1,0.08198305770723151,2,1,1
0,xi1,1.7345626141047952,2,1,1
0,psi1,-0.13321426179518175,2,1,1
0,psi2,4.961013272386646,2,1,1
