theta,value,model,estimated,to_include
sigma1,19.49121794,1,1,1
xi1,0.414242604,1,1,1
psi1,3.330659195,1,1,1
psi2,38.03687576,1,1,1
sigma1,20.75845013,2,1,1
xi1,5.05E-17,2,1,1
psi1,-1.350738507,2,1,1
psi2,52.76481258,2,1,1
sigma1,19.92579826,3,1,1
xi1,2.27671004,3,1,1
psi1,4.834153187,3,1,1
psi2,37.79750151,3,1,1
sigma1,19.49434899,4,1,1
xi1,0.433585614,4,1,1
psi1,439.4512539,4,1,1
psi2,38.03501428,4,1,1
psi3,0.007596128,4,1,1
